dpto,muni,Municipio_residencia
AMAZONAS,EL ENCANTO,EL ENCANTO
AMAZONAS,LA CHORRERA,LA CHORRERA
AMAZONAS,LA PEDRERA,LA PEDRERA (CD)
AMAZONAS,LA VICTORIA,LA VICTORIA
AMAZONAS,LETICIA,LETICIA
AMAZONAS,MIRITÍ - PARANÁ,MIRITI - PARANA
AMAZONAS,PUERTO ALEGRÍA,PUERTO ALEGRIA
AMAZONAS,PUERTO ARICA,PUERTO ARICA
AMAZONAS,PUERTO NARIÑO,PUERTO NARIÑO
AMAZONAS,PUERTO SANTANDER,PUERTO SANTANDER
AMAZONAS,TARAPACÁ,TARAPACA (CD)
ANTIOQUIA,ABEJORRAL,ABEJORRAL
ANTIOQUIA,ABRIAQUÍ,ABRIAQUI
ANTIOQUIA,ALEJANDRÍA,ALEJANDRIA
ANTIOQUIA,AMAGÁ,AMAGA
ANTIOQUIA,AMALFI,AMALFI
ANTIOQUIA,ANDES,ANDES
ANTIOQUIA,ANGELÓPOLIS,ANGELOPOLIS
ANTIOQUIA,ANGOSTURA,ANGOSTURA
ANTIOQUIA,ANORÍ,ANORI
ANTIOQUIA,ANZÁ,ANZA
ANTIOQUIA,APARTADÓ,APARTADO
ANTIOQUIA,ARBOLETES,ARBOLETES
ANTIOQUIA,ARGELIA,ARGELIA
ANTIOQUIA,ARMENIA,ARMENIA
ANTIOQUIA,BARBOSA,BARBOSA
ANTIOQUIA,BELLO,BELLO
ANTIOQUIA,BELMIRA,BELMIRA
ANTIOQUIA,BETANIA,BETANIA
ANTIOQUIA,BETULIA,BETULIA
ANTIOQUIA,BRICEÑO,BRICENO
ANTIOQUIA,BURITICÁ,BURITICA
ANTIOQUIA,CÁCERES,CACERES
ANTIOQUIA,CAICEDO,CAICEDO
ANTIOQUIA,CALDAS,CALDAS
ANTIOQUIA,CAMPAMENTO,CAMPAMENTO
ANTIOQUIA,CAÑASGORDAS,CAÑASGORDAS
ANTIOQUIA,CARACOLÍ,CARACOLI
ANTIOQUIA,CARAMANTA,CARAMANTA
ANTIOQUIA,CAREPA,CAREPA
ANTIOQUIA,CAROLINA,CAROLINA
ANTIOQUIA,CAUCASIA,CAUCASIA
ANTIOQUIA,CHIGORODÓ,CHIGORODO
ANTIOQUIA,CISNEROS,CISNEROS
ANTIOQUIA,CIUDAD BOLÍVAR,BOLIVAR
ANTIOQUIA,COCORNÁ,COCORNA
ANTIOQUIA,CONCEPCIÓN,CONCEPCION
ANTIOQUIA,CONCORDIA,CONCORDIA
ANTIOQUIA,COPACABANA,COPACABANA
ANTIOQUIA,DABEIBA,DABEIBA
ANTIOQUIA,DONMATÍAS,DON MATIAS
ANTIOQUIA,EBÉJICO,EBEJICO
ANTIOQUIA,EL BAGRE,EL BAGRE
ANTIOQUIA,EL CARMEN DE VIBORAL,CARMEN DE VIBORAL
ANTIOQUIA,EL SANTUARIO,SANTUARIO
ANTIOQUIA,ENTRERRÍOS,ENTRERRIOS
ANTIOQUIA,ENVIGADO,ENVIGADO
ANTIOQUIA,FREDONIA,FREDONIA
ANTIOQUIA,FRONTINO,FRONTINO
ANTIOQUIA,GIRALDO,GIRALDO
ANTIOQUIA,GIRARDOTA,GIRARDOTA
ANTIOQUIA,GÓMEZ PLATA,GOMEZ PLATA
ANTIOQUIA,GRANADA,GRANADA
ANTIOQUIA,GUADALUPE,GUADALUPE
ANTIOQUIA,GUARNE,GUARNE
ANTIOQUIA,GUATAPÉ,GUATAPE
ANTIOQUIA,HELICONIA,HELICONIA
ANTIOQUIA,HISPANIA,HISPANIA
ANTIOQUIA,ITAGÜÍ,ITAGUI
ANTIOQUIA,ITUANGO,ITUANGO
ANTIOQUIA,JARDÍN,JARDIN
ANTIOQUIA,JERICÓ,JERICO
ANTIOQUIA,LA CEJA,LA CEJA
ANTIOQUIA,LA ESTRELLA,LA ESTRELLA
ANTIOQUIA,LA PINTADA,LA PINTADA
ANTIOQUIA,LA UNIÓN,LA UNION
ANTIOQUIA,LIBORINA,LIBORINA
ANTIOQUIA,MACEO,MACEO
ANTIOQUIA,MARINILLA,MARINILLA
ANTIOQUIA,MEDELLÍN,MEDELLIN
ANTIOQUIA,MONTEBELLO,MONTEBELLO
ANTIOQUIA,MURINDÓ,MURINDO
ANTIOQUIA,MUTATÁ,MUTATA
ANTIOQUIA,NARIÑO,NARIÑO
ANTIOQUIA,NECHÍ,NECHI
ANTIOQUIA,NECOCLÍ,NECOCLI
ANTIOQUIA,OLAYA,OLAYA
ANTIOQUIA,PEÑOL,PEÑOL
ANTIOQUIA,PEQUE,PEQUE
ANTIOQUIA,PUEBLORRICO,PUEBLORRICO
ANTIOQUIA,PUERTO BERRÍO,PUERTO BERRIO
ANTIOQUIA,PUERTO NARE,PUERTO NARE (LA MAGDALENA )
ANTIOQUIA,PUERTO TRIUNFO,PUERTO TRIUNFO
ANTIOQUIA,REMEDIOS,REMEDIOS
ANTIOQUIA,RETIRO,RETIRO
ANTIOQUIA,RIONEGRO,RIONEGRO
ANTIOQUIA,SABANALARGA,SABANALARGA
ANTIOQUIA,SABANETA,SABANETA
ANTIOQUIA,SALGAR,SALGAR
ANTIOQUIA,SAN ANDRÉS DE CUERQUÍA,SAN ANDRES
ANTIOQUIA,SAN CARLOS,SAN CARLOS
ANTIOQUIA,SAN FRANCISCO,SAN FRANCISCO
ANTIOQUIA,SAN JERÓNIMO,SAN JERONIMO
ANTIOQUIA,SAN JOSÉ DE LA MONTAÑA,SAN JOSE DE LA MONTANA
ANTIOQUIA,SAN JUAN DE URABÁ,SAN JUAN DE URABA
ANTIOQUIA,SAN LUIS,SAN LUIS
ANTIOQUIA,SAN PEDRO DE LOS MILAGROS,SAN PEDRO
ANTIOQUIA,SAN PEDRO DE URABÁ,SAN PEDRO DE URABA
ANTIOQUIA,SAN RAFAEL,SAN RAFAEL
ANTIOQUIA,SAN ROQUE,SAN ROQUE
ANTIOQUIA,SAN VICENTE FERRER,SAN VICENTE
ANTIOQUIA,SANTA BÁRBARA,SANTA BARBARA
ANTIOQUIA,SANTA FÉ DE ANTIOQUIA,SANTA FE DE ANTIOQUIA
ANTIOQUIA,SANTA ROSA DE OSOS,SANTA ROSA DE OSOS
ANTIOQUIA,SANTO DOMINGO,SANTO DOMINGO
ANTIOQUIA,SEGOVIA,SEGOVIA
ANTIOQUIA,SONSÓN,SONSON
ANTIOQUIA,SOPETRÁN,SOPETRAN
ANTIOQUIA,TÁMESIS,TAMESIS
ANTIOQUIA,TARAZÁ,TARAZA
ANTIOQUIA,TARSO,TARSO
ANTIOQUIA,TITIRIBÍ,TITIRIBI
ANTIOQUIA,TOLEDO,TOLEDO
ANTIOQUIA,TURBO,TURBO
ANTIOQUIA,URAMITA,URAMITA
ANTIOQUIA,URRAO,URRAO
ANTIOQUIA,VALDIVIA,VALDIVIA
ANTIOQUIA,VALPARAÍSO,VALPARAISO
ANTIOQUIA,VEGACHÍ,VEGACHI
ANTIOQUIA,VENECIA,VENECIA
ANTIOQUIA,VIGÍA DEL FUERTE,VIGIA DEL FUERTE
ANTIOQUIA,YALÍ,YALI
ANTIOQUIA,YARUMAL,YARUMAL
ANTIOQUIA,YOLOMBÓ,YOLOMBO
ANTIOQUIA,YONDÓ,YONDO (CASABE)
ANTIOQUIA,ZARAGOZA,ZARAGOZA
ARAUCA,ARAUCA,ARAUCA
ARAUCA,ARAUQUITA,ARAUQUITA
ARAUCA,CRAVO NORTE,CRAVO NORTE
ARAUCA,FORTUL,FORTUL
ARAUCA,PUERTO RONDÓN,PUERTO RONDON
ARAUCA,SARAVENA,SARAVENA
ARAUCA,TAME,TAME
SAN ANDRES,PROVIDENCIA,PROVIDENCIA
SAN ANDRES,SAN ANDRÉS,SAN ANDRES
ATLANTICO,BARANOA,BARANOA
ATLANTICO,BARRANQUILLA,BARRANQUILLA
ATLANTICO,CAMPO DE LA CRUZ,CAMPO DE LA CRUZ
ATLANTICO,CANDELARIA,CANDELARIA
ATLANTICO,GALAPA,GALAPA
ATLANTICO,JUAN DE ACOSTA,JUAN DE ACOSTA
ATLANTICO,LURUACO,LURUACO
ATLANTICO,MALAMBO,MALAMBO
ATLANTICO,MANATÍ,MANATI
ATLANTICO,PALMAR DE VARELA,PALMAR DE VARELA
ATLANTICO,PIOJÓ,PIOJO
ATLANTICO,POLONUEVO,POLO NUEVO
ATLANTICO,PONEDERA,PONEDERA
ATLANTICO,PUERTO COLOMBIA,PUERTO COLOMBIA
ATLANTICO,REPELÓN,REPELON
ATLANTICO,SABANAGRANDE,SABANAGRANDE
ATLANTICO,SABANALARGA,SABANALARGA
ATLANTICO,SANTA LUCÍA,SANTA LUCIA
ATLANTICO,SANTO TOMÁS,SANTO TOMAS
ATLANTICO,SOLEDAD,SOLEDAD
ATLANTICO,SUAN,SUAN
ATLANTICO,TUBARÁ,TUBARA
ATLANTICO,USIACURÍ,USIACURI
BOGOTA,"BOGOTÁ, D.C.",BOGOTA
BOLIVAR,ACHÍ,ACHI
BOLIVAR,ALTOS DEL ROSARIO,ALTOS DEL ROSARIO
BOLIVAR,ARENAL,ARENAL
BOLIVAR,ARJONA,ARJONA
BOLIVAR,ARROYOHONDO,ARROYOHONDO
BOLIVAR,BARRANCO DE LOBA,BARRANCO DE LOBA
BOLIVAR,CALAMAR,CALAMAR
BOLIVAR,CANTAGALLO,CANTAGALLO
BOLIVAR,CARTAGENA DE INDIAS,CARTAGENA
BOLIVAR,CICUCO,CICUCO
BOLIVAR,CLEMENCIA,CLEMENCIA
BOLIVAR,CÓRDOBA,CORDOBA
BOLIVAR,EL CARMEN DE BOLÍVAR,EL CARMEN DE BOLIVAR
BOLIVAR,EL GUAMO,EL GUAMO
BOLIVAR,EL PEÑÓN,EL PEÑON
BOLIVAR,HATILLO DE LOBA,HATILLO DE LOBA
BOLIVAR,MAGANGUÉ,MAGANGUE
BOLIVAR,MAHATES,MAHATES
BOLIVAR,MARGARITA,MARGARITA
BOLIVAR,MARÍA LA BAJA,MARIA LA BAJA
BOLIVAR,MONTECRISTO,MONTECRISTO
BOLIVAR,MORALES,MORALES
BOLIVAR,NOROSÍ,NOROSÌ
BOLIVAR,PINILLOS,PINILLOS
BOLIVAR,REGIDOR,REGIDOR
BOLIVAR,RÍO VIEJO,RIO VIEJO
BOLIVAR,SAN CRISTÓBAL,SAN CRISTOBAL
BOLIVAR,SAN ESTANISLAO,SAN ESTANISLAO
BOLIVAR,SAN FERNANDO,SAN FERNANDO
BOLIVAR,SAN JACINTO,SAN JACINTO
BOLIVAR,SAN JACINTO DEL CAUCA,SAN JACINTO DEL CAUCA
BOLIVAR,SAN JUAN NEPOMUCENO,SAN JUAN NEPOMUCENO
BOLIVAR,SAN MARTÍN DE LOBA,SAN MARTIN DE LOBA
BOLIVAR,SAN PABLO,SAN PABLO
BOLIVAR,SANTA CATALINA,SANTA CATALINA
BOLIVAR,SANTA CRUZ DE MOMPOX,MOMPOS
BOLIVAR,SANTA ROSA,SANTA ROSA
BOLIVAR,SANTA ROSA DEL SUR,SANTA ROSA DEL SUR
BOLIVAR,SIMITÍ,SIMITI
BOLIVAR,SOPLAVIENTO,SOPLAVIENTO
BOLIVAR,TALAIGUA NUEVO,TALAIGUA NUEVO
BOLIVAR,TIQUISIO,TIQUISIO (PUERTO RICO)
BOLIVAR,TURBACO,TURBACO
BOLIVAR,TURBANÁ,TURBANA
BOLIVAR,VILLANUEVA,VILLANUEVA
BOLIVAR,ZAMBRANO,ZAMBRANO
BOYACA,ALMEIDA,ALMEIDA
BOYACA,AQUITANIA,AQUITANIA
BOYACA,ARCABUCO,ARCABUCO
BOYACA,BELÉN,BELEN
BOYACA,BERBEO,BERBEO
BOYACA,BETÉITIVA,BETEITIVA
BOYACA,BOAVITA,BOAVITA
BOYACA,BOYACÁ,BOYACA
BOYACA,BRICEÑO,BRICEÑO
BOYACA,BUENAVISTA,BUENAVISTA
BOYACA,BUSBANZÁ,BUSBANZA
BOYACA,CALDAS,CALDAS
BOYACA,CAMPOHERMOSO,CAMPOHERMOSO
BOYACA,CERINZA,CERINZA
BOYACA,CHINAVITA,CHINAVITA
BOYACA,CHIQUINQUIRÁ,CHIQUINQUIRA
BOYACA,CHÍQUIZA,CHIQUIZA
BOYACA,CHISCAS,CHISCAS
BOYACA,CHITA,CHITA
BOYACA,CHITARAQUE,CHITARAQUE
BOYACA,CHIVATÁ,CHIVATA
BOYACA,CHIVOR,CHIVOR
BOYACA,CIÉNEGA,CIENEGA
BOYACA,CÓMBITA,COMBITA
BOYACA,COPER,COPER
BOYACA,CORRALES,CORRALES
BOYACA,COVARACHÍA,COVARACHIA
BOYACA,CUBARÁ,CUBARA
BOYACA,CUCAITA,CUCAITA
BOYACA,CUÍTIVA,CUITIVA
BOYACA,DUITAMA,DUITAMA
BOYACA,EL COCUY,EL COCUY
BOYACA,EL ESPINO,EL ESPINO
BOYACA,FIRAVITOBA,FIRAVITOBA
BOYACA,FLORESTA,FLORESTA
BOYACA,GACHANTIVÁ,GACHANTIVA
BOYACA,GÁMEZA,GAMEZA
BOYACA,GARAGOA,GARAGOA
BOYACA,GUACAMAYAS,GUACAMAYAS
BOYACA,GUATEQUE,GUATEQUE
BOYACA,GUAYATÁ,GUAYATA
BOYACA,GÜICÁN DE LA SIERRA,GUICAN DE LA SIERRA
BOYACA,IZA,IZA
BOYACA,JENESANO,JENESANO
BOYACA,JERICÓ,JERICO
BOYACA,LA CAPILLA,LA CAPILLA
BOYACA,LA UVITA,LA UVITA
BOYACA,LA VICTORIA,LA VICTORIA
BOYACA,LABRANZAGRANDE,LABRANZAGRANDE
BOYACA,MACANAL,MACANAL
BOYACA,MARIPÍ,MARIPI
BOYACA,MIRAFLORES,MIRAFLORES
BOYACA,MONGUA,MONGUA
BOYACA,MONGUÍ,MONGUI
BOYACA,MONIQUIRÁ,MONIQUIRA
BOYACA,MOTAVITA,MOTAVITA
BOYACA,MUZO,MUZO
BOYACA,NOBSA,NOBSA
BOYACA,NUEVO COLÓN,NUEVO COLON
BOYACA,OICATÁ,OICATA
BOYACA,OTANCHE,OTANCHE
BOYACA,PACHAVITA,PACHAVITA
BOYACA,PÁEZ,PAEZ
BOYACA,PAIPA,PAIPA
BOYACA,PAJARITO,PAJARITO
BOYACA,PANQUEBA,PANQUEBA
BOYACA,PAUNA,PAUNA
BOYACA,PAYA,PAYA
BOYACA,PAZ DE RÍO,PAZ DE RIO
BOYACA,PESCA,PESCA
BOYACA,PISBA,PISBA
BOYACA,PUERTO BOYACÁ,PUERTO BOYACA
BOYACA,QUÍPAMA,QUIPAMA
BOYACA,RAMIRIQUÍ,RAMIRIQUI
BOYACA,RÁQUIRA,RAQUIRA
BOYACA,RONDÓN,RONDON
BOYACA,SABOYÁ,SABOYA
BOYACA,SÁCHICA,SACHICA
BOYACA,SAMACÁ,SAMACA
BOYACA,SAN EDUARDO,SAN EDUARDO
BOYACA,SAN JOSÉ DE PARE,SAN JOSE DE PARE
BOYACA,SAN LUIS DE GACENO,SAN LUIS DE GACENO
BOYACA,SAN MATEO,SAN MATEO
BOYACA,SAN MIGUEL DE SEMA,SAN MIGUEL DE SEMA
BOYACA,SAN PABLO DE BORBUR,SAN PABLO DE BORBUR
BOYACA,SANTA MARÍA,SANTA MARIA
BOYACA,SANTA ROSA DE VITERBO,SANTA ROSA DE VITERBO
BOYACA,SANTA SOFÍA,SANTA SOFIA
BOYACA,SANTANA,SANTANA
BOYACA,SATIVANORTE,SATIVANORTE
BOYACA,SATIVASUR,SATIVASUR
BOYACA,SIACHOQUE,SIACHOQUE
BOYACA,SOATÁ,SOATA
BOYACA,SOCHA,SOCHA
BOYACA,SOCOTÁ,SOCOTA
BOYACA,SOGAMOSO,SOGAMOSO
BOYACA,SOMONDOCO,SOMONDOCO
BOYACA,SORA,SORA
BOYACA,SORACÁ,SORACA
BOYACA,SOTAQUIRÁ,SOTAQUIRA
BOYACA,SUSACÓN,SUSACON
BOYACA,SUTAMARCHÁN,SUTAMARCHAN
BOYACA,SUTATENZA,SUTATENZA
BOYACA,TASCO,TASCO
BOYACA,TENZA,TENZA
BOYACA,TIBANÁ,TIBANA
BOYACA,TIBASOSA,TIBASOSA
BOYACA,TINJACÁ,TINJACA
BOYACA,TIPACOQUE,TIPACOQUE
BOYACA,TOCA,TOCA
BOYACA,TOGÜÍ,TOGUI
BOYACA,TÓPAGA,TOPAGA
BOYACA,TOTA,TOTA
BOYACA,TUNJA,TUNJA
BOYACA,TUNUNGUÁ,TUNUNGUA
BOYACA,TURMEQUÉ,TURMEQUE
BOYACA,TUTA,TUTA
BOYACA,TUTAZÁ,TUTAZA
BOYACA,ÚMBITA,UMBITA
BOYACA,VENTAQUEMADA,VENTAQUEMADA
BOYACA,VILLA DE LEYVA,VILLA DE LEYVA
BOYACA,VIRACACHÁ,VIRACACHA
BOYACA,ZETAQUIRA,ZETAQUIRA
CALDAS,AGUADAS,AGUADAS
CALDAS,ANSERMA,ANSERMA
CALDAS,ARANZAZU,ARANZAZU
CALDAS,BELALCÁZAR,BELALCAZAR
CALDAS,CHINCHINÁ,CHINCHINA
CALDAS,FILADELFIA,FILADELFIA
CALDAS,LA DORADA,LA DORADA
CALDAS,LA MERCED,LA MERCED
CALDAS,MANIZALES,MANIZALES
CALDAS,MANZANARES,MANZANARES
CALDAS,MARMATO,MARMATO
CALDAS,MARQUETALIA,MARQUETALIA
CALDAS,MARULANDA,MARULANDA
CALDAS,NEIRA,NEIRA
CALDAS,NORCASIA,NORCASIA
CALDAS,PÁCORA,PACORA
CALDAS,PALESTINA,PALESTINA
CALDAS,PENSILVANIA,PENSILVANIA
CALDAS,RIOSUCIO,RIOSUCIO
CALDAS,RISARALDA,RISARALDA
CALDAS,SALAMINA,SALAMINA
CALDAS,SAMANÁ,SAMANA
CALDAS,SAN JOSÉ,SAN JOSE
CALDAS,SUPÍA,SUPIA
CALDAS,VICTORIA,VICTORIA
CALDAS,VILLAMARÍA,VILLAMARIA
CALDAS,VITERBO,VITERBO
CAQUETA,ALBANIA,ALBANIA
CAQUETA,BELÉN DE LOS ANDAQUÍES,BELEN DE LOS ANDAQUIES
CAQUETA,CARTAGENA DEL CHAIRÁ,CARTAGENA DEL CHAIRA
CAQUETA,CURILLO,CURILLO
CAQUETA,EL DONCELLO,EL DONCELLO
CAQUETA,EL PAUJÍL,EL PAUJIL
CAQUETA,FLORENCIA,FLORENCIA
CAQUETA,LA MONTAÑITA,LA MONTANITA
CAQUETA,MILÁN,MILAN
CAQUETA,MORELIA,MORELIA
CAQUETA,PUERTO RICO,PUERTO RICO
CAQUETA,SAN JOSÉ DEL FRAGUA,SAN JOSE DEL FRAGUA
CAQUETA,SAN VICENTE DEL CAGUÁN,SAN VICENTE DEL CAGUAN
CAQUETA,SOLANO,SOLANO
CAQUETA,SOLITA,SOLITA
CAQUETA,VALPARAÍSO,VALPARAISO
CASANARE,AGUAZUL,AGUAZUL
CASANARE,CHÁMEZA,CHAMEZA
CASANARE,HATO COROZAL,HATO COROZAL
CASANARE,LA SALINA,LA SALINA
CASANARE,MANÍ,MANI
CASANARE,MONTERREY,MONTERREY
CASANARE,NUNCHÍA,NUNCHIA
CASANARE,OROCUÉ,OROCUE
CASANARE,PAZ DE ARIPORO,PAZ DE ARIPORO
CASANARE,PORE,PORE
CASANARE,RECETOR,RECETOR
CASANARE,SABANALARGA,SABANALARGA
CASANARE,SÁCAMA,SACAMA
CASANARE,SAN LUIS DE PALENQUE,SAN LUIS DE PALENQUE
CASANARE,TÁMARA,TAMARA
CASANARE,TAURAMENA,TAURAMENA
CASANARE,TRINIDAD,TRINIDAD
CASANARE,VILLANUEVA,VILLANUEVA
CASANARE,YOPAL,YOPAL
CAUCA,ALMAGUER,ALMAGUER
CAUCA,ARGELIA,ARGELIA
CAUCA,BALBOA,BALBOA
CAUCA,BOLÍVAR,BOLIVAR
CAUCA,BUENOS AIRES,BUENOS AIRES
CAUCA,CAJIBÍO,CAJIBIO
CAUCA,CALDONO,CALDONO
CAUCA,CALOTO,CALOTO
CAUCA,CORINTO,CORINTO
CAUCA,EL TAMBO,EL TAMBO
CAUCA,FLORENCIA,FLORENCIA
CAUCA,GUACHENÉ,GUACHENE
CAUCA,GUAPI,GUAPI
CAUCA,INZÁ,INZA
CAUCA,JAMBALÓ,JAMBALO
CAUCA,LA SIERRA,LA SIERRA
CAUCA,LA VEGA,LA VEGA
CAUCA,LÓPEZ DE MICAY,LOPEZ (MICAY)
CAUCA,MERCADERES,MERCADERES
CAUCA,MIRANDA,MIRANDA
CAUCA,MORALES,MORALES
CAUCA,PADILLA,PADILLA
CAUCA,PÁEZ,PAEZ
CAUCA,PATÍA,PATIA (EL BORDO)
CAUCA,PIAMONTE,PIAMONTE
CAUCA,PIENDAMÓ - TUNÍA,PIENDAMO
CAUCA,POPAYÁN,POPAYAN
CAUCA,PUERTO TEJADA,PUERTO TEJADA
CAUCA,PURACÉ,PURACE
CAUCA,ROSAS,ROSAS
CAUCA,SAN SEBASTIÁN,SAN SEBASTIAN
CAUCA,SANTA ROSA,SANTA ROSA
CAUCA,SANTANDER DE QUILICHAO,SANTANDER DE QUILICHAO
CAUCA,SILVIA,SILVIA
CAUCA,SOTARÁ PAISPAMBA,SOTARA
CAUCA,SUÁREZ,SUAREZ
CAUCA,SUCRE,SUCRE
CAUCA,TIMBÍO,TIMBIO
CAUCA,TIMBIQUÍ,TIMBIQUI
CAUCA,TORIBÍO,TORIBIO
CAUCA,TOTORÓ,TOTORO
CAUCA,VILLA RICA,VILLARICA
CESAR,AGUACHICA,AGUACHICA
CESAR,AGUSTÍN CODAZZI,AGUSTIN CODAZZI
CESAR,ASTREA,ASTREA
CESAR,BECERRIL,BECERRIL
CESAR,BOSCONIA,BOSCONIA
CESAR,CHIMICHAGUA,CHIMICHAGUA
CESAR,CHIRIGUANÁ,CHIRIGUANA
CESAR,CURUMANÍ,CURUMANI
CESAR,EL COPEY,EL COPEY
CESAR,EL PASO,EL PASO
CESAR,GAMARRA,GAMARRA
CESAR,GONZÁLEZ,GONZALEZ
CESAR,LA GLORIA,LA GLORIA
CESAR,LA JAGUA DE IBIRICO,LA JAGUA DE IBIRICO
CESAR,LA PAZ,ROBLES (LA PAZ)
CESAR,MANAURE BALCÓN DEL CESAR,MANAURE BALCON DEL CESAR
CESAR,PAILITAS,PAILITAS
CESAR,PELAYA,PELAYA
CESAR,PUEBLO BELLO,PUEBLO BELLO
CESAR,RÍO DE ORO,RIO DE ORO
CESAR,SAN ALBERTO,SAN ALBERTO
CESAR,SAN DIEGO,SAN DIEGO
CESAR,SAN MARTÍN,SAN MARTIN
CESAR,TAMALAMEQUE,TAMALAMEQUE
CESAR,VALLEDUPAR,VALLEDUPAR
CHOCO,ACANDÍ,ACANDI
CHOCO,ALTO BAUDÓ,ALTO BAUDO (PIE DE PATO)
CHOCO,ATRATO,ATRATO
CHOCO,BAGADÓ,BAGADO
CHOCO,BAHÍA SOLANO,BAHIA SOLANO (MUTIS)
CHOCO,BAJO BAUDÓ,BAJO BAUDO (PIZARRO)
CHOCO,BOJAYÁ,BOJAYA (BELLAVISTA)
CHOCO,CARMEN DEL DARIÉN,CARMEN DEL DARIEN
CHOCO,CÉRTEGUI,CERTEGUI
CHOCO,CONDOTO,CONDOTO
CHOCO,EL CANTÓN DEL SAN PABLO,CANTON DE SAN PABLO (MANAGRU)
CHOCO,EL CARMEN DE ATRATO,EL CARMEN DE ATRATO
CHOCO,EL LITORAL DEL SAN JUAN,LITORAL DEL BAJO SAN JUAN
CHOCO,ISTMINA,ITSMINA
CHOCO,JURADÓ,JURADO
CHOCO,LLORÓ,LLORO
CHOCO,MEDIO ATRATO,MEDIO ATRATO
CHOCO,MEDIO BAUDÓ,MEDIO BAUDO (BOCA DE PEPE)
CHOCO,MEDIO SAN JUAN,MEDIO SAN JUAN
CHOCO,NÓVITA,NOVITA
CHOCO,NUQUÍ,NUQUI
CHOCO,QUIBDÓ,QUIBDO
CHOCO,RÍO IRÓ,RIO IRO
CHOCO,RÍO QUITO,RIOQUITO
CHOCO,RIOSUCIO,RIOSUCIO
CHOCO,SAN JOSÉ DEL PALMAR,SAN JOSE DEL PALMAR
CHOCO,SIPÍ,SIPI
CHOCO,TADÓ,TADO
CHOCO,UNGUÍA,UNGUIA
CHOCO,UNIÓN PANAMERICANA,UNION PANAMERICANA
CORDOBA,AYAPEL,AYAPEL
CORDOBA,BUENAVISTA,BUENAVISTA
CORDOBA,CANALETE,CANALETE
CORDOBA,CERETÉ,CERETE
CORDOBA,CHIMÁ,CHIMA
CORDOBA,CHINÚ,CHINU
CORDOBA,CIÉNAGA DE ORO,CIENAGA DE ORO
CORDOBA,COTORRA,COTORRA
CORDOBA,LA APARTADA,LA APARTADA
CORDOBA,LORICA,LORICA
CORDOBA,LOS CÓRDOBAS,LOS CORDOBAS
CORDOBA,MOMIL,MOMIL
CORDOBA,MOÑITOS,MOÑITOS
CORDOBA,MONTELÍBANO,MONTELIBANO
CORDOBA,MONTERÍA,MONTERIA
CORDOBA,PLANETA RICA,PLANETA RICA
CORDOBA,PUEBLO NUEVO,PUEBLO NUEVO
CORDOBA,PUERTO ESCONDIDO,PUERTO ESCONDIDO
CORDOBA,PUERTO LIBERTADOR,PUERTO LIBERTADOR
CORDOBA,PURÍSIMA DE LA CONCEPCIÓN,PURISIMA
CORDOBA,SAHAGÚN,SAHAGUN
CORDOBA,SAN ANDRÉS DE SOTAVENTO,SAN ANDRES SOTAVENTO
CORDOBA,SAN ANTERO,SAN ANTERO
CORDOBA,SAN BERNARDO DEL VIENTO,SAN BERNARDO DEL VIENTO
CORDOBA,SAN CARLOS,SAN CARLOS
CORDOBA,SAN JOSÉ DE URÉ,SAN JOSE DE URE
CORDOBA,SAN PELAYO,SAN PELAYO
CORDOBA,TIERRALTA,TIERRALTA
CORDOBA,TUCHÍN,TUCHIN
CORDOBA,VALENCIA,VALENCIA
CUNDINAMARCA,AGUA DE DIOS,AGUA DE DIOS
CUNDINAMARCA,ALBÁN,ALBAN
CUNDINAMARCA,ANAPOIMA,ANAPOIMA
CUNDINAMARCA,ANOLAIMA,ANOLAIMA
CUNDINAMARCA,APULO,RAFAEL REYES (APULO)
CUNDINAMARCA,ARBELÁEZ,ARBELAEZ
CUNDINAMARCA,BELTRÁN,BELTRAN
CUNDINAMARCA,BITUIMA,BITUIMA
CUNDINAMARCA,BOJACÁ,BOJACA
CUNDINAMARCA,CABRERA,CABRERA
CUNDINAMARCA,CACHIPAY,CACHIPAY
CUNDINAMARCA,CAJICÁ,CAJICA
CUNDINAMARCA,CAPARRAPÍ,CAPARRAPI
CUNDINAMARCA,CÁQUEZA,CAQUEZA
CUNDINAMARCA,CARMEN DE CARUPA,CARMEN DE CARUPA
CUNDINAMARCA,CHAGUANÍ,CHAGUANI
CUNDINAMARCA,CHÍA,CHIA
CUNDINAMARCA,CHIPAQUE,CHIPAQUE
CUNDINAMARCA,CHOACHÍ,CHOACHI
CUNDINAMARCA,CHOCONTÁ,CHOCONTA
CUNDINAMARCA,COGUA,COGUA
CUNDINAMARCA,COTA,COTA
CUNDINAMARCA,CUCUNUBÁ,CUCUNUBA
CUNDINAMARCA,EL COLEGIO,EL COLEGIO
CUNDINAMARCA,EL PEÑÓN,EL PEÑON
CUNDINAMARCA,EL ROSAL,EL ROSAL
CUNDINAMARCA,FACATATIVÁ,FACATATIVA
CUNDINAMARCA,FÓMEQUE,FOMEQUE
CUNDINAMARCA,FOSCA,FOSCA
CUNDINAMARCA,FUNZA,FUNZA
CUNDINAMARCA,FÚQUENE,FUQUENE
CUNDINAMARCA,FUSAGASUGÁ,FUSAGASUGA
CUNDINAMARCA,GACHALÁ,GACHALA
CUNDINAMARCA,GACHANCIPÁ,GACHANCIPA
CUNDINAMARCA,GACHETÁ,GACHETA
CUNDINAMARCA,GAMA,GAMA
CUNDINAMARCA,GIRARDOT,GIRARDOT
CUNDINAMARCA,GRANADA,GRANADA
CUNDINAMARCA,GUACHETÁ,GUACHETA
CUNDINAMARCA,GUADUAS,GUADUAS
CUNDINAMARCA,GUASCA,GUASCA
CUNDINAMARCA,GUATAQUÍ,GUATAQUI
CUNDINAMARCA,GUATAVITA,GUATAVITA
CUNDINAMARCA,GUAYABAL DE SÍQUIMA,GUAYABAL DE SIQUIMA
CUNDINAMARCA,GUAYABETAL,GUAYABETAL
CUNDINAMARCA,GUTIÉRREZ,GUTIERREZ
CUNDINAMARCA,JERUSALÉN,JERUSALEN
CUNDINAMARCA,JUNÍN,JUNIN
CUNDINAMARCA,LA CALERA,LA CALERA
CUNDINAMARCA,LA MESA,LA MESA
CUNDINAMARCA,LA PALMA,LA PALMA
CUNDINAMARCA,LA PEÑA,LA PEÑA
CUNDINAMARCA,LA VEGA,LA VEGA
CUNDINAMARCA,LENGUAZAQUE,LENGUAZAQUE
CUNDINAMARCA,MACHETÁ,MACHETA
CUNDINAMARCA,MADRID,MADRID
CUNDINAMARCA,MANTA,MANTA
CUNDINAMARCA,MEDINA,MEDINA
CUNDINAMARCA,MOSQUERA,MOSQUERA
CUNDINAMARCA,NARIÑO,NARIÑO
CUNDINAMARCA,NEMOCÓN,NEMOCON
CUNDINAMARCA,NILO,NILO
CUNDINAMARCA,NIMAIMA,NIMAIMA
CUNDINAMARCA,NOCAIMA,NOCAIMA
CUNDINAMARCA,PACHO,PACHO
CUNDINAMARCA,PAIME,PAIME
CUNDINAMARCA,PANDI,PANDI
CUNDINAMARCA,PARATEBUENO,PARATEBUENO
CUNDINAMARCA,PASCA,PASCA
CUNDINAMARCA,PUERTO SALGAR,PUERTO SALGAR
CUNDINAMARCA,PULÍ,PULI
CUNDINAMARCA,QUEBRADANEGRA,QUEBRADANEGRA
CUNDINAMARCA,QUETAME,QUETAME
CUNDINAMARCA,QUIPILE,QUIPILE
CUNDINAMARCA,RICAURTE,RICAURTE
CUNDINAMARCA,SAN ANTONIO DEL TEQUENDAMA,SAN ANTONIO DE TEQUENDAMA
CUNDINAMARCA,SAN BERNARDO,SAN BERNARDO
CUNDINAMARCA,SAN CAYETANO,SAN CAYETANO
CUNDINAMARCA,SAN FRANCISCO,SAN FRANCISCO
CUNDINAMARCA,SAN JUAN DE RIOSECO,SAN JUAN DE RIO SECO
CUNDINAMARCA,SASAIMA,SASAIMA
CUNDINAMARCA,SESQUILÉ,SESQUILE
CUNDINAMARCA,SIBATÉ,SIBATE
CUNDINAMARCA,SILVANIA,SILVANIA
CUNDINAMARCA,SIMIJACA,SIMIJACA
CUNDINAMARCA,SOACHA,SOACHA
CUNDINAMARCA,SOPÓ,SOPO
CUNDINAMARCA,SUBACHOQUE,SUBACHOQUE
CUNDINAMARCA,SUESCA,SUESCA
CUNDINAMARCA,SUPATÁ,SUPATA
CUNDINAMARCA,SUSA,SUSA
CUNDINAMARCA,SUTATAUSA,SUTATAUSA
CUNDINAMARCA,TABIO,TABIO
CUNDINAMARCA,TAUSA,TAUSA
CUNDINAMARCA,TENA,TENA
CUNDINAMARCA,TENJO,TENJO
CUNDINAMARCA,TIBACUY,TIBACUY
CUNDINAMARCA,TIBIRITA,TIBIRITA
CUNDINAMARCA,TOCAIMA,TOCAIMA
CUNDINAMARCA,TOCANCIPÁ,TOCANCIPA
CUNDINAMARCA,TOPAIPÍ,TOPAIPI
CUNDINAMARCA,UBALÁ,UBALA
CUNDINAMARCA,UBAQUE,UBAQUE
CUNDINAMARCA,UNE,UNE
CUNDINAMARCA,ÚTICA,UTICA
CUNDINAMARCA,VENECIA,VENECIA
CUNDINAMARCA,VERGARA,VERGARA
CUNDINAMARCA,VIANÍ,VIANI
CUNDINAMARCA,VILLA DE SAN DIEGO DE UBATÉ,UBATE
CUNDINAMARCA,VILLAGÓMEZ,VILLAGOMEZ
CUNDINAMARCA,VILLAPINZÓN,VILLAPINZON
CUNDINAMARCA,VILLETA,VILLETA
CUNDINAMARCA,VIOTÁ,VIOTA
CUNDINAMARCA,YACOPÍ,YACOPI
CUNDINAMARCA,ZIPACÓN,ZIPACON
CUNDINAMARCA,ZIPAQUIRÁ,ZIPAQUIRA
GUAINIA,BARRANCOMINAS,BARRANCO MINAS (CD)
GUAINIA,CACAHUAL,CACAHUAL
GUAINIA,INÍRIDA,PUERTO INIRIDA
GUAINIA,LA GUADALUPE,LA GUADALUPE
GUAINIA,MORICHAL,MORICHAL
GUAINIA,PANA PANA,PANA PANA
GUAINIA,PUERTO COLOMBIA,PUERTO COLOMBIA (CD)
GUAINIA,SAN FELIPE,SAN FELIPE
GUAVIARE,CALAMAR,CALAMAR
GUAVIARE,EL RETORNO,EL RETORNO
GUAVIARE,MIRAFLORES,MIRAFLORES
GUAVIARE,SAN JOSÉ DEL GUAVIARE,SAN JOSE DEL GUAVIARE
HUILA,ACEVEDO,ACEVEDO
HUILA,AGRADO,AGRADO
HUILA,AIPE,AIPE
HUILA,ALGECIRAS,ALGECIRAS
HUILA,ALTAMIRA,ALTAMIRA
HUILA,BARAYA,BARAYA
HUILA,CAMPOALEGRE,CAMPOALEGRE
HUILA,COLOMBIA,COLOMBIA
HUILA,ELÍAS,ELIAS
HUILA,GARZÓN,GARZON
HUILA,GIGANTE,GIGANTE
HUILA,GUADALUPE,GUADALUPE
HUILA,HOBO,HOBO
HUILA,ÍQUIRA,IQUIRA
HUILA,ISNOS,ISNOS (SAN JOSE DE ISNOS)
HUILA,LA ARGENTINA,LA ARGENTINA
HUILA,LA PLATA,LA PLATA
HUILA,NÁTAGA,NATAGA
HUILA,NEIVA,NEIVA
HUILA,OPORAPA,OPORAPA
HUILA,PAICOL,PAICOL
HUILA,PALERMO,PALERMO
HUILA,PALESTINA,PALESTINA
HUILA,PITAL,PITAL
HUILA,PITALITO,PITALITO
HUILA,RIVERA,RIVERA
HUILA,SALADOBLANCO,SALADOBLANCO
HUILA,SAN AGUSTÍN,SAN AGUSTIN
HUILA,SANTA MARÍA,SANTA MARIA
HUILA,SUAZA,SUAZA
HUILA,TARQUI,TARQUI
HUILA,TELLO,TELLO
HUILA,TERUEL,TERUEL
HUILA,TESALIA,TESALIA
HUILA,TIMANÁ,TIMANA
HUILA,VILLAVIEJA,VILLAVIEJA
HUILA,YAGUARÁ,YAGUARA
GUAJIRA,ALBANIA,ALBANIA
GUAJIRA,BARRANCAS,BARRANCAS
GUAJIRA,DIBULLA,DIBULLA
GUAJIRA,DISTRACCIÓN,DISTRACCION
GUAJIRA,EL MOLINO,EL MOLINO
GUAJIRA,FONSECA,FONSECA
GUAJIRA,HATONUEVO,HATONUEVO
GUAJIRA,LA JAGUA DEL PILAR,LA JAGUA DEL PILAR
GUAJIRA,MAICAO,MAICAO
GUAJIRA,MANAURE,MANAURE
GUAJIRA,RIOHACHA,RIOHACHA
GUAJIRA,SAN JUAN DEL CESAR,SAN JUAN DEL CESAR
GUAJIRA,URIBIA,URIBIA
GUAJIRA,URUMITA,URUMITA
GUAJIRA,VILLANUEVA,VILLANUEVA
MAGDALENA,ALGARROBO,ALGARROBO
MAGDALENA,ARACATACA,ARACATACA
MAGDALENA,ARIGUANÍ,ARIGUANI (EL DIFICIL)
MAGDALENA,CERRO DE SAN ANTONIO,CERRO SAN ANTONIO
MAGDALENA,CHIVOLO,CHIVOLO
MAGDALENA,CIÉNAGA,CIENAGA
MAGDALENA,CONCORDIA,CONCORDIA
MAGDALENA,EL BANCO,EL BANCO
MAGDALENA,EL PIÑÓN,EL PIÑON
MAGDALENA,EL RETÉN,EL RETEN
MAGDALENA,FUNDACIÓN,FUNDACION
MAGDALENA,GUAMAL,GUAMAL
MAGDALENA,NUEVA GRANADA,NUEVA GRANADA
MAGDALENA,PEDRAZA,PEDRAZA
MAGDALENA,PIJIÑO DEL CARMEN,PIJIÑO DEL CARMEN (PIJIÑO)
MAGDALENA,PIVIJAY,PIVIJAY
MAGDALENA,PLATO,PLATO
MAGDALENA,PUEBLOVIEJO,PUEBLOVIEJO
MAGDALENA,REMOLINO,REMOLINO
MAGDALENA,SABANAS DE SAN ÁNGEL,SABANAS DE SAN ANGEL
MAGDALENA,SALAMINA,SALAMINA
MAGDALENA,SAN SEBASTIÁN DE BUENAVISTA,SAN SEBASTIAN DE BUENAVISTA
MAGDALENA,SAN ZENÓN,SAN ZENON
MAGDALENA,SANTA ANA,SANTA ANA
MAGDALENA,SANTA BÁRBARA DE PINTO,SANTA BARBARA DE PINTO
MAGDALENA,SANTA MARTA,SANTA MARTHA
MAGDALENA,SITIONUEVO,SITIO NUEVO
MAGDALENA,TENERIFE,TENERIFE
MAGDALENA,ZAPAYÁN,ZAPAYAN
MAGDALENA,ZONA BANANERA,ZONA BANANERA
META,ACACÍAS,ACACIAS
META,BARRANCA DE UPÍA,BARRANCA DE UPIA
META,CABUYARO,CABUYARO
META,CASTILLA LA NUEVA,CASTILLA LA NUEVA
META,CUBARRAL,CUBARRAL
META,CUMARAL,CUMARAL
META,EL CALVARIO,EL CALVARIO
META,EL CASTILLO,EL CASTILLO
META,EL DORADO,EL DORADO
META,FUENTE DE ORO,FUENTE DE ORO
META,GRANADA,GRANADA
META,GUAMAL,GUAMAL
META,LA MACARENA,LA MACARENA
META,LEJANÍAS,LEJANIAS
META,MAPIRIPÁN,MAPIRIPAN
META,MESETAS,MESETAS
META,PUERTO CONCORDIA,PUERTO CONCORDIA
META,PUERTO GAITÁN,PUERTO GAITAN
META,PUERTO LLERAS,PUERTO LLERAS
META,PUERTO LÓPEZ,PUERTO LOPEZ
META,PUERTO RICO,PUERTO RICO
META,RESTREPO,RESTREPO
META,SAN CARLOS DE GUAROA,SAN CARLOS DE GUAROA
META,SAN JUAN DE ARAMA,SAN JUAN DE ARAMA
META,SAN JUANITO,SAN JUANITO
META,SAN MARTÍN,SAN MARTIN
META,URIBE,LA URIBE
META,VILLAVICENCIO,VILLAVICENCIO
META,VISTAHERMOSA,VISTAHERMOSA
NARIÑO,ALBÁN,ALBAN (SAN JOSE)
NARIÑO,ALDANA,ALDANA
NARIÑO,ANCUYA,ANCUYA
NARIÑO,ARBOLEDA,ARBOLEDA
NARIÑO,BARBACOAS,BARBACOAS
NARIÑO,BELÉN,BELEN
NARIÑO,BUESACO,BUESACO
NARIÑO,CHACHAGÜÍ,CHACHAGUI
NARIÑO,COLÓN,COLON (GENOVA)
NARIÑO,CONSACÁ,CONSACA
NARIÑO,CONTADERO,CONTADERO
NARIÑO,CÓRDOBA,CORDOBA
NARIÑO,CUASPUD CARLOSAMA,CUASPUD (CARLOSAMA)
NARIÑO,CUMBAL,CUMBAL
NARIÑO,CUMBITARA,CUMBITARA
NARIÑO,EL CHARCO,EL CHARCO
NARIÑO,EL PEÑOL,EL PEÑOL
NARIÑO,EL ROSARIO,EL ROSARIO
NARIÑO,EL TABLÓN DE GÓMEZ,EL TABLON
NARIÑO,EL TAMBO,EL TAMBO
NARIÑO,FRANCISCO PIZARRO,FRANCISCO PIZARRO (SALAHONDA)
NARIÑO,FUNES,FUNES
NARIÑO,GUACHUCAL,GUACHUCAL
NARIÑO,GUAITARILLA,GUAITARILLA
NARIÑO,GUALMATÁN,GUALMATAN
NARIÑO,ILES,ILES
NARIÑO,IMUÉS,IMUES
NARIÑO,IPIALES,IPIALES
NARIÑO,LA CRUZ,LA CRUZ
NARIÑO,LA FLORIDA,LA FLORIDA
NARIÑO,LA LLANADA,LA LLANADA
NARIÑO,LA TOLA,LA TOLA
NARIÑO,LA UNIÓN,LA UNION
NARIÑO,LEIVA,LEIVA
NARIÑO,LINARES,LINARES
NARIÑO,LOS ANDES,LOS ANDES (SOTOMAYOR)
NARIÑO,MAGÜÍ,MAGUI (PAYAN)
NARIÑO,MALLAMA,MALLAMA (PIEDRANCHA)
NARIÑO,MOSQUERA,MOSQUERA
NARIÑO,NARIÑO,NARIÑO
NARIÑO,OLAYA HERRERA,OLAYA HERRERA(BOCAS DE SATINGA
NARIÑO,OSPINA,OSPINA
NARIÑO,PASTO,PASTO
NARIÑO,POLICARPA,POLICARPA
NARIÑO,POTOSÍ,POTOSI
NARIÑO,PROVIDENCIA,PROVIDENCIA
NARIÑO,PUERRES,PUERRES
NARIÑO,PUPIALES,PUPIALES
NARIÑO,RICAURTE,RICAURTE
NARIÑO,ROBERTO PAYÁN,ROBERTO PAYAN (SAN JOSE)
NARIÑO,SAMANIEGO,SAMANIEGO
NARIÑO,SAN ANDRÉS DE TUMACO,TUMACO
NARIÑO,SAN BERNARDO,SAN BERNARDO
NARIÑO,SAN LORENZO,SAN LORENZO
NARIÑO,SAN PABLO,SAN PABLO
NARIÑO,SAN PEDRO DE CARTAGO,SAN PEDRO DE CARTAGO
NARIÑO,SANDONÁ,SANDONA
NARIÑO,SANTA BÁRBARA,SANTA BARBARA
NARIÑO,SANTACRUZ,SANTA CRUZ (GUACHAVES)
NARIÑO,SAPUYES,SAPUYES
NARIÑO,TAMINANGO,TAMINANGO
NARIÑO,TANGUA,TANGUA
NARIÑO,TÚQUERRES,TUQUERRES
NARIÑO,YACUANQUER,YACUANQUER
NORTE SANTANDER,ÁBREGO,ABREGO
NORTE SANTANDER,ARBOLEDAS,ARBOLEDAS
NORTE SANTANDER,BOCHALEMA,BOCHALEMA
NORTE SANTANDER,BUCARASICA,BUCARASICA
NORTE SANTANDER,CÁCHIRA,CACHIRA
NORTE SANTANDER,CÁCOTA,CACOTA
NORTE SANTANDER,CHINÁCOTA,CHINACOTA
NORTE SANTANDER,CHITAGÁ,CHITAGA
NORTE SANTANDER,CONVENCIÓN,CONVENCION
NORTE SANTANDER,CUCUTILLA,CUCUTILLA
NORTE SANTANDER,DURANIA,DURANIA
NORTE SANTANDER,EL CARMEN,EL CARMEN
NORTE SANTANDER,EL TARRA,EL TARRA
NORTE SANTANDER,EL ZULIA,EL ZULIA
NORTE SANTANDER,GRAMALOTE,GRAMALOTE
NORTE SANTANDER,HACARÍ,HACARI
NORTE SANTANDER,HERRÁN,HERRAN
NORTE SANTANDER,LA ESPERANZA,LA ESPERANZA
NORTE SANTANDER,LA PLAYA,LA PLAYA
NORTE SANTANDER,LABATECA,LABATECA
NORTE SANTANDER,LOS PATIOS,LOS PATIOS
NORTE SANTANDER,LOURDES,LOURDES
NORTE SANTANDER,MUTISCUA,MUTISCUA
NORTE SANTANDER,OCAÑA,OCAÑA
NORTE SANTANDER,PAMPLONA,PAMPLONA
NORTE SANTANDER,PAMPLONITA,PAMPLONITA
NORTE SANTANDER,PUERTO SANTANDER,PUERTO SANTANDER
NORTE SANTANDER,RAGONVALIA,RAGONVALIA
NORTE SANTANDER,SALAZAR,SALAZAR
NORTE SANTANDER,SAN CALIXTO,SAN CALIXTO
NORTE SANTANDER,SAN CAYETANO,SAN CAYETANO
NORTE SANTANDER,SAN JOSÉ DE CÚCUTA,CUCUTA
NORTE SANTANDER,SANTIAGO,SANTIAGO
NORTE SANTANDER,SARDINATA,SARDINATA
NORTE SANTANDER,SILOS,SILOS
NORTE SANTANDER,TEORAMA,TEORAMA
NORTE SANTANDER,TIBÚ,TIBU
NORTE SANTANDER,TOLEDO,TOLEDO
NORTE SANTANDER,VILLA CARO,VILLA CARO
NORTE SANTANDER,VILLA DEL ROSARIO,VILLA DEL ROSARIO
PUTUMAYO,COLÓN,COLON
PUTUMAYO,MOCOA,MOCOA
PUTUMAYO,ORITO,ORITO
PUTUMAYO,PUERTO ASÍS,PUERTO ASIS
PUTUMAYO,PUERTO CAICEDO,PUERTO CAICEDO
PUTUMAYO,PUERTO GUZMÁN,PUERTO GUZMAN
PUTUMAYO,PUERTO LEGUÍZAMO,PUERTO LEGUIZAMO
PUTUMAYO,SAN FRANCISCO,SAN FRANCISCO
PUTUMAYO,SAN MIGUEL,SAN MIGUEL (LA DORADA)
PUTUMAYO,SANTIAGO,SANTIAGO
PUTUMAYO,SIBUNDOY,SIBUNDOY
PUTUMAYO,VALLE DEL GUAMUEZ,VALLE DEL GUAMUEZ
PUTUMAYO,VILLAGARZÓN,VILLAGARZON
QUINDIO,ARMENIA,ARMENIA
QUINDIO,BUENAVISTA,BUENAVISTA
QUINDIO,CALARCÁ,CALARCA
QUINDIO,CIRCASIA,CIRCASIA
QUINDIO,CÓRDOBA,CORDOBA
QUINDIO,FILANDIA,FILANDIA
QUINDIO,GÉNOVA,GENOVA
QUINDIO,LA TEBAIDA,LA TEBAIDA
QUINDIO,MONTENEGRO,MONTENEGRO
QUINDIO,PIJAO,PIJAO
QUINDIO,QUIMBAYA,QUIMBAYA
QUINDIO,SALENTO,SALENTO
RISARALDA,APÍA,APIA
RISARALDA,BALBOA,BALBOA
RISARALDA,BELÉN DE UMBRÍA,BELEN DE UMBRIA
RISARALDA,DOSQUEBRADAS,DOSQUEBRADAS
RISARALDA,GUÁTICA,GUATICA
RISARALDA,LA CELIA,LA CELIA
RISARALDA,LA VIRGINIA,LA VIRGINIA
RISARALDA,MARSELLA,MARSELLA
RISARALDA,MISTRATÓ,MISTRATO
RISARALDA,PEREIRA,PEREIRA
RISARALDA,PUEBLO RICO,PUEBLO RICO
RISARALDA,QUINCHÍA,QUINCHIA
RISARALDA,SANTA ROSA DE CABAL,SANTA ROSA DE CABAL
RISARALDA,SANTUARIO,SANTUARIO
SANTANDER,AGUADA,AGUADA
SANTANDER,ALBANIA,ALBANIA
SANTANDER,ARATOCA,ARATOCA
SANTANDER,BARBOSA,BARBOSA
SANTANDER,BARICHARA,BARICHARA
SANTANDER,BARRANCABERMEJA,BARRANCABERMEJA
SANTANDER,BETULIA,BETULIA
SANTANDER,BOLÍVAR,BOLIVAR
SANTANDER,BUCARAMANGA,BUCARAMANGA
SANTANDER,CABRERA,CABRERA
SANTANDER,CALIFORNIA,CALIFORNIA
SANTANDER,CAPITANEJO,CAPITANEJO
SANTANDER,CARCASÍ,CARCASI
SANTANDER,CEPITÁ,CEPITA
SANTANDER,CERRITO,CERRITO
SANTANDER,CHARALÁ,CHARALA
SANTANDER,CHARTA,CHARTA
SANTANDER,CHIMA,CHIMA
SANTANDER,CHIPATÁ,CHIPATA
SANTANDER,CIMITARRA,CIMITARRA
SANTANDER,CONCEPCIÓN,CONCEPCION
SANTANDER,CONFINES,CONFINES
SANTANDER,CONTRATACIÓN,CONTRATACION
SANTANDER,COROMORO,COROMORO
SANTANDER,CURITÍ,CURITI
SANTANDER,EL CARMEN DE CHUCURÍ,EL CARMEN DE CHUCURI
SANTANDER,EL GUACAMAYO,EL GUACAMAYO
SANTANDER,EL PEÑÓN,EL PEÑON
SANTANDER,EL PLAYÓN,EL PLAYON
SANTANDER,ENCINO,ENCINO
SANTANDER,ENCISO,ENCISO
SANTANDER,FLORIÁN,FLORIAN
SANTANDER,FLORIDABLANCA,FLORIDABLANCA
SANTANDER,GALÁN,GALAN
SANTANDER,GÁMBITA,GAMBITA
SANTANDER,GIRÓN,GIRON
SANTANDER,GUACA,GUACA
SANTANDER,GUADALUPE,GUADALUPE
SANTANDER,GUAPOTÁ,GUAPOTA
SANTANDER,GUAVATÁ,GUAVATA
SANTANDER,GÜEPSA,GUEPSA
SANTANDER,HATO,HATO
SANTANDER,JESÚS MARÍA,JESUS MARIA
SANTANDER,JORDÁN,JORDAN
SANTANDER,LA BELLEZA,LA BELLEZA
SANTANDER,LA PAZ,LA PAZ
SANTANDER,LANDÁZURI,LANDAZURI
SANTANDER,LEBRIJA,LEBRIJA
SANTANDER,LOS SANTOS,LOS SANTOS
SANTANDER,MACARAVITA,MACARAVITA
SANTANDER,MÁLAGA,MALAGA
SANTANDER,MATANZA,MATANZA
SANTANDER,MOGOTES,MOGOTES
SANTANDER,MOLAGAVITA,MOLAGAVITA
SANTANDER,OCAMONTE,OCAMONTE
SANTANDER,OIBA,OIBA
SANTANDER,ONZAGA,ONZAGA
SANTANDER,PALMAR,PALMAR
SANTANDER,PALMAS DEL SOCORRO,PALMAS SOCORRO
SANTANDER,PÁRAMO,PARAMO
SANTANDER,PIEDECUESTA,PIEDECUESTA
SANTANDER,PINCHOTE,PINCHOTE
SANTANDER,PUENTE NACIONAL,PUENTE NACIONAL
SANTANDER,PUERTO PARRA,PUERTO PARRA
SANTANDER,PUERTO WILCHES,PUERTO WILCHES
SANTANDER,RIONEGRO,RIONEGRO
SANTANDER,SABANA DE TORRES,SABANA DE TORRES
SANTANDER,SAN ANDRÉS,SAN ANDRES
SANTANDER,SAN BENITO,SAN BENITO
SANTANDER,SAN GIL,SAN GIL
SANTANDER,SAN JOAQUÍN,SAN JOAQUIN
SANTANDER,SAN JOSÉ DE MIRANDA,SAN JOSE DE MIRANDA
SANTANDER,SAN MIGUEL,SAN MIGUEL
SANTANDER,SAN VICENTE DE CHUCURÍ,SAN VICENTE DE CHUCURI
SANTANDER,SANTA BÁRBARA,SANTA BARBARA
SANTANDER,SANTA HELENA DEL OPÓN,SANTA HELENA DEL OPON
SANTANDER,SIMACOTA,SIMACOTA
SANTANDER,SOCORRO,SOCORRO
SANTANDER,SUAITA,SUAITA
SANTANDER,SUCRE,SUCRE
SANTANDER,SURATÁ,SURATA
SANTANDER,TONA,TONA
SANTANDER,VALLE DE SAN JOSÉ,VALLE DE SAN JOSE
SANTANDER,VÉLEZ,VELEZ
SANTANDER,VETAS,VETAS
SANTANDER,VILLANUEVA,VILLANUEVA
SANTANDER,ZAPATOCA,ZAPATOCA
SUCRE,BUENAVISTA,BUENAVISTA
SUCRE,CAIMITO,CAIMITO
SUCRE,CHALÁN,CHALAN
SUCRE,COLOSÓ,COLOSO (RICAURTE)
SUCRE,COROZAL,COROZAL
SUCRE,COVEÑAS,COVEÑAS
SUCRE,EL ROBLE,EL ROBLE
SUCRE,GALERAS,GALERAS (NUEVA GRANADA)
SUCRE,GUARANDA,GUARANDA
SUCRE,LA UNIÓN,LA UNION
SUCRE,LOS PALMITOS,LOS PALMITOS
SUCRE,MAJAGUAL,MAJAGUAL
SUCRE,MORROA,MORROA
SUCRE,OVEJAS,OVEJAS
SUCRE,PALMITO,PALMITO
SUCRE,SAMPUÉS,SAMPUES
SUCRE,SAN BENITO ABAD,SAN BENITO ABAD
SUCRE,SAN JOSÉ DE TOLUVIEJO,TOLUVIEJO
SUCRE,SAN JUAN DE BETULIA,SAN JUAN DE BETULIA
SUCRE,SAN LUIS DE SINCÉ,SINCE
SUCRE,SAN MARCOS,SAN MARCOS
SUCRE,SAN ONOFRE,SAN ONOFRE
SUCRE,SAN PEDRO,SAN PEDRO
SUCRE,SANTIAGO DE TOLÚ,TOLU
SUCRE,SINCELEJO,SINCELEJO
SUCRE,SUCRE,SUCRE
TOLIMA,ALPUJARRA,ALPUJARRA
TOLIMA,ALVARADO,ALVARADO
TOLIMA,AMBALEMA,AMBALEMA
TOLIMA,ANZOÁTEGUI,ANZOATEGUI
TOLIMA,ARMERO,ARMERO (GUAYABAL)
TOLIMA,ATACO,ATACO
TOLIMA,CAJAMARCA,CAJAMARCA
TOLIMA,CARMEN DE APICALÁ,CARMEN DE APICALA
TOLIMA,CASABIANCA,CASABIANCA
TOLIMA,CHAPARRAL,CHAPARRAL
TOLIMA,COELLO,COELLO
TOLIMA,COYAIMA,COYAIMA
TOLIMA,CUNDAY,CUNDAY
TOLIMA,DOLORES,DOLORES
TOLIMA,ESPINAL,ESPINAL
TOLIMA,FALAN,FALAN
TOLIMA,FLANDES,FLANDES
TOLIMA,FRESNO,FRESNO
TOLIMA,GUAMO,GUAMO
TOLIMA,HERVEO,HERVEO
TOLIMA,HONDA,HONDA
TOLIMA,IBAGUÉ,IBAGUE
TOLIMA,ICONONZO,ICONONZO
TOLIMA,LÉRIDA,LERIDA
TOLIMA,LÍBANO,LIBANO
TOLIMA,MELGAR,MELGAR
TOLIMA,MURILLO,MURILLO
TOLIMA,NATAGAIMA,NATAGAIMA
TOLIMA,ORTEGA,ORTEGA
TOLIMA,PALOCABILDO,PALOCABILDO
TOLIMA,PIEDRAS,PIEDRAS
TOLIMA,PLANADAS,PLANADAS
TOLIMA,PRADO,PRADO
TOLIMA,PURIFICACIÓN,PURIFICACION
TOLIMA,RIOBLANCO,RIOBLANCO
TOLIMA,RONCESVALLES,RONCESVALLES
TOLIMA,ROVIRA,ROVIRA
TOLIMA,SALDAÑA,SALDAÑA
TOLIMA,SAN ANTONIO,SAN ANTONIO
TOLIMA,SAN LUIS,SAN LUIS
TOLIMA,SAN SEBASTIÁN DE MARIQUITA,MARIQUITA
TOLIMA,SANTA ISABEL,SANTA ISABEL
TOLIMA,SUÁREZ,SUAREZ
TOLIMA,VALLE DE SAN JUAN,VALLE DE SAN JUAN
TOLIMA,VENADILLO,VENADILLO
TOLIMA,VILLAHERMOSA,VILLAHERMOSA
TOLIMA,VILLARRICA,VILLARICA
VALLE,ALCALÁ,ALCALA
VALLE,ANDALUCÍA,ANDALUCIA
VALLE,ANSERMANUEVO,ANSERMANUEVO
VALLE,ARGELIA,ARGELIA
VALLE,BOLÍVAR,BOLIVAR
VALLE,BUENAVENTURA,BUENAVENTURA
VALLE,BUGALAGRANDE,BUGALAGRANDE
VALLE,CAICEDONIA,CAICEDONIA
VALLE,CALI,CALI
VALLE,CALIMA,DARIEN
VALLE,CANDELARIA,CANDELARIA
VALLE,CARTAGO,CARTAGO
VALLE,DAGUA,DAGUA
VALLE,EL ÁGUILA,EL AGUILA
VALLE,EL CAIRO,EL CAIRO
VALLE,EL CERRITO,EL CERRITO
VALLE,EL DOVIO,EL DOVIO
VALLE,FLORIDA,FLORIDA
VALLE,GINEBRA,GINEBRA
VALLE,GUACARÍ,GUACARI
VALLE,GUADALAJARA DE BUGA,BUGA
VALLE,JAMUNDÍ,JAMUNDI
VALLE,LA CUMBRE,LA CUMBRE
VALLE,LA UNIÓN,LA UNION
VALLE,LA VICTORIA,LA VICTORIA
VALLE,OBANDO,OBANDO
VALLE,PALMIRA,PALMIRA
VALLE,PRADERA,PRADERA
VALLE,RESTREPO,RESTREPO
VALLE,RIOFRÍO,RIOFRIO
VALLE,ROLDANILLO,ROLDANILLO
VALLE,SAN PEDRO,SAN PEDRO
VALLE,SEVILLA,SEVILLA
VALLE,TORO,TORO
VALLE,TRUJILLO,TRUJILLO
VALLE,TULUÁ,TULUA
VALLE,ULLOA,ULLOA
VALLE,VERSALLES,VERSALLES
VALLE,VIJES,VIJES
VALLE,YOTOCO,YOTOCO
VALLE,YUMBO,YUMBO
VALLE,ZARZAL,ZARZAL
VAUPES,CARURÚ,CARURU
VAUPES,MITÚ,MITU
VAUPES,PACOA,PACOA
VAUPES,PAPUNAHUA,PAPUNAHUA
VAUPES,TARAIRA,TARAIRA
VAUPES,YAVARATÉ,YAVARATE
VICHADA,CUMARIBO,CUMARIBO
VICHADA,LA PRIMAVERA,LA PRIMAVERA
VICHADA,PUERTO CARREÑO,PUERTO CARREÑO
VICHADA,SANTA ROSALÍA,SANTA ROSALIA